USE Barbershop
GO

INSERT INTO rates(Descrip)
VALUES ('Очень плохо'), ('Плохо'), ('Нормально'), ('Хорошо'), ('Великолепно');
GO

INSERT INTO positions(Name_pos, Numb_of_works)
VALUES ('Чиф-барбер', 1), ('Синьор-барбер', 3), ('Джуниор-барбер', 6);
GO


INSERT INTO b_service(Service_name_, Price, Time_)
VALUES ('Стрижка бороды', 150, 60), ('Мужская стрижка', 300, 90), ('Стрижка машинкой', 200, 40),
('Укладка волос', 50, 20), ('Стрижка+борода', 400, 120), ('Детская стрижка', 150, 40)
GO

INSERT INTO client(Client_FIO, Cl_phone, Cl_Email)
VALUES ('Иванов Петр Анатольевич', '+380959545201', 'ivan.petr@gmail.com'),
('Мосейчук Борис Иванович', '+380678945061', 'mosia@gmail.com'),
('Рабинович Алексей Эдуардович', '+380954561203', 'rabin@gmail.com')
GO

INSERT INTO calender(Date_, Weekday_, Start_work, End_work)
VALUES ('2021-08-01', 'Воскресенье', '11:00', '18:00'), ('2021-08-02', 'Понедельник', '09:00', '20:00'),
('2021-08-03', 'Вторник', '09:00', '20:00'), ('2021-08-04', 'Среда', '09:00', '20:00'),
('2021-08-05', 'Четверг', '09:00', '20:00'), ('2021-08-06', 'Пятниця', '10:00', '20:00'),
('2021-08-07', 'Суббота', '10:00', '20:00')
GO

INSERT INTO barber(FIO, Gender, Phone, Email, DateOfBirth, DateOfEmploy, Position)
VALUES ('Гонта Василий Иванович', 1, '+380970123560', 'gont@gmail.com', '1984-05-21', '2020-09-01', 'Чиф-барбер'),
('Яценко Антон Иванович', 1, '+380504652132', 'yatsenko@gmail.com', '1990-03-22', '2020-12-01', 'Джуниор-барбер'),
('Иванюк Анастасия Викторовна', 0, '+380632016489', 'nastia@gmail.com', '1997-02-28', '2021-06-16', 'Синьор-барбер'),
('Малюта Василий Алексеевич', 1, '+380446523150', 'yuk@gmail.com', '1995-10-14', '2021-02-28', 'Джуниор-барбер')
GO

INSERT INTO timetable(Date_b, Barber_id, Starting, Ending)
VALUES ('2021-08-01', 1004, '12:00', '16:00'), ('2021-08-02', 1005, '09:00', '19:00'),
('2021-08-03', 1005, '10:00', '20:00')
GO

INSERT INTO schedule(Client_id, Service_id, Barber_id, Date_n, Time_n)
VALUES (102, 10001, 1005, '2021-08-03', '10:30'), (102, 10004, 1005, '2021-08-03', '11:30'),
(104, 10002, 1004, '2021-08-01', '14:00'), (103, 10005, 1004, '2021-08-01', '12:00')
GO

INSERT INTO archieve(Client, Barber, Visit_date, Service_1, Service_2, Summ, Rate, Feedback)
VALUES (102, 1005, '2021-08-03', 10001, 10004, 200, 4, 'Хороший сервис, профессиональный мастер.'),
(103, 1004, '2021-08-01', 10005, NULL, 400, 5, 'Отличная работа! всем доволен.')